;Kontoadministrator;Informasjonskonsulent;Emneadministrator;Førstelinje;Superbrukar;Emneinnsyn
Administratorar - legg til/fjern;Slått på og låst Administratorar - legg til/fjern Kontoadministrator;Deaktivert Administratorar - legg til/fjern Informasjonskonsulent;Deaktivert Administratorar - legg til/fjern Emneadministrator;Deaktivert Administratorar - legg til/fjern Førstelinje;Deaktivert Administratorar - legg til/fjern Superbrukar;Deaktivert Administratorar - legg til/fjern Emneinnsyn
Vis Administrer LTI;Slått på Administrer LTI Kontoadministrator;Deaktivert Administrer LTI Informasjonskonsulent;Deaktivert Administrer LTI Emneadministrator;Deaktivert Administrer LTI Førstelinje;Deaktivert Administrer LTI Superbrukar;Deaktivert Administrer LTI Emneinnsyn
Administrer LTI;;;;;;
legg til / slett / rediger;;;;;;
LTI - legg til;Slått på LTI - legg til;Deaktivert LTI - legg til;Deaktivert LTI - legg til;Deaktivert LTI - legg til;Deaktivert LTI - legg til;Deaktivert LTI - legg til
LTI - rediger;Slått på LTI - rediger;Deaktivert LTI - rediger;Deaktivert LTI - rediger;Deaktivert LTI - rediger;Deaktivert LTI - rediger;Deaktivert LTI - rediger
LTI - slett;Slått på LTI - slett;Deaktivert LTI - slett;Deaktivert LTI - slett;Deaktivert LTI - slett;Deaktivert LTI - slett;Deaktivert LTI - slett
Administrer emne;Slått på Administrer emne Kontoadministrator;Deaktivert Administrer emne Informasjonskonsulent;Delvis skrudd på Administrer emne Emneadministrator;Deaktivert Administrer emne Førstelinje;Delvis skrudd på Administrer emne Superbrukar;Deaktivert Administrer emne Emneinnsyn
Emne - administrer/oppdater;Slått på Emne - administrer/oppdater;Deaktivert Emne - administrer/oppdater;Deaktivert Emne - administrer/oppdater;Deaktivert Emne - administrer/oppdater;Slått på Emne - administrer/oppdater;Deaktivert Emne - administrer/oppdater
Emne - legg til;Slått på Emne - legg til;Deaktivert Emne - legg til;Deaktivert Emne - legg til;Deaktivert Emne - legg til;Slått på Emne - legg til;Deaktivert Emne - legg til
Emne - fullfør;Slått på Emne - fullfør;Deaktivert Emne - fullfør;Deaktivert Emne - fullfør;Deaktivert Emne - fullfør;Slått på Emne - fullfør;Deaktivert Emne - fullfør
Emne - publiser;Slått på Emne - publiser;Deaktivert Emne - publiser;Slått på Emne - publiser;Deaktivert Emne - publiser;Slått på Emne - publiser;Deaktivert Emne - publiser
Emne - rette opp igjen;Slått på Emne - rette opp igjen;Deaktivert Emne - rette opp igjen;Slått på Emne - rette opp igjen;Deaktivert Emne - rette opp igjen;Slått på Emne - rette opp igjen;Deaktivert Emne - rette opp igjen
Emne - slett;Slått på Emne - slett;Deaktivert Emne - slett;Deaktivert Emne - slett;Deaktivert Emne - slett;Deaktivert Emne - slett;Deaktivert Emne - slett
Administrer emnefiler;Slått på Administrer emnefiler Kontoadministrator;Deaktivert Administrer emnefiler Informasjonskonsulent;Slått på Administrer emnefiler Emneadministrator;Deaktivert Administrer emnefiler Førstelinje;Slått på Administrer emnefiler Superbrukar;Slått på Administrer emnefiler Emneinnsyn
Emnefiler - legg til;Slått på Emnefiler - legg til;Deaktivert Emnefiler - legg til;Slått på Emnefiler - legg til;Deaktivert Emnefiler - legg til;Slått på Emnefiler - legg til;Slått på Emnefiler - legg til
Emnefiler - rediger;Slått på Emnefiler - rediger;Deaktivert Emnefiler - rediger;Slått på Emnefiler - rediger;Deaktivert Emnefiler - rediger;Slått på Emnefiler - rediger;Slått på Emnefiler - rediger
Emnefiler - slett;Slått på Emnefiler - slett;Deaktivert Emnefiler - slett;Slått på Emnefiler - slett;Deaktivert Emnefiler - slett;Slått på Emnefiler - slett;Slått på Emnefiler - slett
Administrer emneinnhald;Slått på Administrer emneinnhald Kontoadministrator;Deaktivert Administrer emneinnhald Informasjonskonsulent;Slått på Administrer emneinnhald Emneadministrator;Deaktivert Administrer emneinnhald Førstelinje;Slått på Administrer emneinnhald Superbrukar;Slått på Administrer emneinnhald Emneinnsyn
Emneinnhald - legg til;Slått på Emneinnhald - legg til;Deaktivert Emneinnhald - legg til;Slått på Emneinnhald - legg til;Deaktivert Emneinnhald - legg til;Slått på Emneinnhald - legg til;Slått på Emneinnhald - legg til
Emneinnhald - rediger;Slått på Emneinnhald - rediger;Deaktivert Emneinnhald - rediger;Slått på Emneinnhald - rediger;Deaktivert Emneinnhald - rediger;Slått på Emneinnhald - rediger;Slått på Emneinnhald - rediger
Emneinnhald - slett;Slått på Emneinnhald - slett;Deaktivert Emneinnhald - slett;Slått på Emneinnhald - slett;Deaktivert Emneinnhald - slett;Slått på Emneinnhald - slett;Slått på Emneinnhald - slett
Administrer emnemalar;Slått på Administrer emnemalar Kontoadministrator;Deaktivert Administrer emnemalar Informasjonskonsulent;Deaktivert Administrer emnemalar Emneadministrator;Deaktivert Administrer emnemalar Førstelinje;Slått på Administrer emnemalar Superbrukar;Deaktivert Administrer emnemalar Emneinnsyn
Emnemalar - lag;Slått på Emnemalar - lag;Deaktivert Emnemalar - lag;Deaktivert Emnemalar - lag;Deaktivert Emnemalar - lag;Slått på Emnemalar - lag;Deaktivert Emnemalar - lag
Emnemalar - rediger;Slått på Emnemalar - rediger;Deaktivert Emnemalar - rediger;Deaktivert Emnemalar - rediger;Deaktivert Emnemalar - rediger;Slått på Emnemalar - rediger;Deaktivert Emnemalar - rediger
Emnemalar - slett;Slått på Emnemalar - slett;Deaktivert Emnemalar - slett;Deaktivert Emnemalar - slett;Deaktivert Emnemalar - slett;Slått på Emnemalar - slett;Deaktivert Emnemalar - slett
Administrer emneseksjonar;Slått på Administrer emneseksjonar Kontoadministrator;Deaktivert Administrer emneseksjonar Informasjonskonsulent;Slått på Administrer emneseksjonar Emneadministrator;Deaktivert Administrer emneseksjonar Førstelinje;Slått på Administrer emneseksjonar Superbrukar;Deaktivert Administrer emneseksjonar Emneinnsyn
Emneseksjonar - legg til;Slått på Emneseksjonar - legg til;Deaktivert Emneseksjonar - legg til;Slått på Emneseksjonar - legg til;Deaktivert Emneseksjonar - legg til;Slått på Emneseksjonar - legg til;Deaktivert Emneseksjonar - legg til
Emneseksjonar - rediger;Slått på Emneseksjonar - rediger;Deaktivert Emneseksjonar - rediger;Slått på Emneseksjonar - rediger;Deaktivert Emneseksjonar - rediger;Slått på Emneseksjonar - rediger;Deaktivert Emneseksjonar - rediger
Emneseksjonar - slett;Slått på Emneseksjonar - slett;Deaktivert Emneseksjonar - slett;Slått på Emneseksjonar - slett;Deaktivert Emneseksjonar - slett;Slått på Emneseksjonar - slett;Deaktivert Emneseksjonar - slett
Administrer grupper;Slått på Administrer grupper Kontoadministrator;Deaktivert Administrer grupper Informasjonskonsulent;Slått på Administrer grupper Emneadministrator;Deaktivert Administrer grupper Førstelinje;Slått på Administrer grupper Superbrukar;Slått på Administrer grupper Emneinnsyn
Grupper - administrer;Slått på Grupper - administrer;Deaktivert Grupper - administrer;Slått på Grupper - administrer;Deaktivert Grupper - administrer;Slått på Grupper - administrer;Slått på Grupper - administrer
Grupper - legg til;Slått på Grupper - legg til;Deaktivert Grupper - legg til;Slått på Grupper - legg til;Deaktivert Grupper - legg til;Slått på Grupper - legg til;Slått på Grupper - legg til
Grupper - slett;Slått på Grupper - slett;Deaktivert Grupper - slett;Slått på Grupper - slett;Deaktivert Grupper - slett;Slått på Grupper - slett;Slått på Grupper - slett
Administrer kontokalendrar;Slått på Administrer kontokalendrar Kontoadministrator;Deaktivert Administrer kontokalendrar Informasjonskonsulent;Deaktivert Administrer kontokalendrar Emneadministrator;Deaktivert Administrer kontokalendrar Førstelinje;Deaktivert Administrer kontokalendrar Superbrukar;Deaktivert Administrer kontokalendrar Emneinnsyn
Kontokalendrar - endre synlegheit;Slått på Kontokalendrar - endre synlegheit;Deaktivert Kontokalendrar - endre synlegheit;Deaktivert Kontokalendrar - endre synlegheit;Deaktivert Kontokalendrar - endre synlegheit;Deaktivert Kontokalendrar - endre synlegheit;Deaktivert Kontokalendrar - endre synlegheit
Kontokalendrar - legg til / endre / slett hendingar;Slått på Kontokalendrar - legg til / endre / slett hendingar;Deaktivert Kontokalendrar - legg til / endre / slett hendingar;Deaktivert Kontokalendrar - legg til / endre / slett hendingar;Deaktivert Kontokalendrar - legg til / endre / slett hendingar;Deaktivert Kontokalendrar - legg til / endre / slett hendingar;Deaktivert Kontokalendrar - legg til / endre / slett hendingar
Administrer oppgåver og quizzar;Slått på Administrer oppgåver og quizzar Kontoadministrator;Deaktivert Administrer oppgåver og quizzar Informasjonskonsulent;Slått på Administrer oppgåver og quizzar Emneadministrator;Deaktivert Administrer oppgåver og quizzar Førstelinje;Slått på Administrer oppgåver og quizzar Superbrukar;Slått på Administrer oppgåver og quizzar Emneinnsyn
Oppgåver og quizar - legg til;Slått på Oppgåver og quizar - legg til;Deaktivert Oppgåver og quizar - legg til;Slått på Oppgåver og quizar - legg til;Deaktivert Oppgåver og quizar - legg til;Slått på Oppgåver og quizar - legg til;Slått på Oppgåver og quizar - legg til
Oppgåver og quizar - rediger;Slått på Oppgåver og quizar - rediger;Deaktivert Oppgåver og quizar - rediger;Slått på Oppgåver og quizar - rediger;Deaktivert Oppgåver og quizar - rediger;Slått på Oppgåver og quizar - rediger;Slått på Oppgåver og quizar - rediger
Oppgåver og quizar - slett;Slått på Oppgåver og quizar - slett;Deaktivert Oppgåver og quizar - slett;Slått på Oppgåver og quizar - slett;Deaktivert Oppgåver og quizar - slett;Slått på Oppgåver og quizar - slett;Slått på Oppgåver og quizar - slett
Administrer sider;Slått på Administrer sider Kontoadministrator;Deaktivert Administrer sider Informasjonskonsulent;Slått på Administrer sider Emneadministrator;Deaktivert Administrer sider Førstelinje;Slått på Administrer sider Superbrukar;Slått på Administrer sider Emneinnsyn
Sider - Oppdater;Slått på Sider - Oppdater;Deaktivert Sider - Oppdater;Slått på Sider - Oppdater;Deaktivert Sider - Oppdater;Slått på Sider - Oppdater;Slått på Sider - Oppdater
Sider - Opprett;Slått på Sider - Opprett;Deaktivert Sider - Opprett;Slått på Sider - Opprett;Deaktivert Sider - Opprett;Slått på Sider - Opprett;Slått på Sider - Opprett
Sider - Slett;Slått på Sider - Slett;Deaktivert Sider - Slett;Slått på Sider - Slett;Deaktivert Sider - Slett;Slått på Sider - Slett;Slått på Sider - Slett
Analyse - vis sider;Slått på Analyse - vis sider Kontoadministrator;Deaktivert Analyse - vis sider Informasjonskonsulent;Slått på Analyse - vis sider Emneadministrator;Deaktivert Analyse - vis sider Førstelinje;Slått på Analyse - vis sider Superbrukar;Deaktivert Analyse - vis sider Emneinnsyn
Analyse-hub;Slått på Analyse-hub Kontoadministrator;Deaktivert Analyse-hub Informasjonskonsulent;Deaktivert Analyse-hub Emneadministrator;Deaktivert Analyse-hub Førstelinje;Deaktivert Analyse-hub Superbrukar;Deaktivert Analyse-hub Emneinnsyn
Analytics for administratorar - sjå og eksporter data;Slått på Analytics for administratorar - sjå og eksporter data Kontoadministrator;Deaktivert Analytics for administratorar - sjå og eksporter data Informasjonskonsulent;Slått på Analytics for administratorar - sjå og eksporter data Emneadministrator;Deaktivert Analytics for administratorar - sjå og eksporter data Førstelinje;Slått på Analytics for administratorar - sjå og eksporter data Superbrukar;Deaktivert Analytics for administratorar - sjå og eksporter data Emneinnsyn
Blueprint-emne - legg til / endre / tilknytt / slett;Slått på Blueprint-emne - legg til / endre / tilknytt / slett Kontoadministrator;Deaktivert Blueprint-emne - legg til / endre / tilknytt / slett Informasjonskonsulent;Deaktivert Blueprint-emne - legg til / endre / tilknytt / slett Emneadministrator;Deaktivert Blueprint-emne - legg til / endre / tilknytt / slett Førstelinje;Slått på Blueprint-emne - legg til / endre / tilknytt / slett Superbrukar;Deaktivert Blueprint-emne - legg til / endre / tilknytt / slett Emneinnsyn
Brukarar - Designarar;Slått på Brukarar - Designarar Kontoadministrator;Deaktivert Brukarar - Designarar Informasjonskonsulent;Slått på Brukarar - Designarar Emneadministrator;Deaktivert Brukarar - Designarar Førstelinje;Slått på Brukarar - Designarar Superbrukar;Deaktivert Brukarar - Designarar Emneinnsyn
Designarar - fjern;Slått på Designarar - fjern;Deaktivert Designarar - fjern;Slått på Designarar - fjern;Deaktivert Designarar - fjern;Slått på Designarar - fjern;Deaktivert Designarar - fjern
Designarar - legg til;Slått på Designarar - legg til;Deaktivert Designarar - legg til;Slått på Designarar - legg til;Deaktivert Designarar - legg til;Slått på Designarar - legg til;Deaktivert Designarar - legg til
Brukarar - Faglærarar;Slått på Brukarar - Faglærarar Kontoadministrator;Deaktivert Brukarar - Faglærarar Informasjonskonsulent;Slått på Brukarar - Faglærarar Emneadministrator;Deaktivert Brukarar - Faglærarar Førstelinje;Slått på Brukarar - Faglærarar Superbrukar;Deaktivert Brukarar - Faglærarar Emneinnsyn
Faglærarar - fjern;Slått på Faglærarar - fjern;Deaktivert Faglærarar - fjern;Slått på Faglærarar - fjern;Deaktivert Faglærarar - fjern;Slått på Faglærarar - fjern;Deaktivert Faglærarar - fjern
Faglærarar - legg til;Slått på Faglærarar - legg til;Deaktivert Faglærarar - legg til;Slått på Faglærarar - legg til;Deaktivert Faglærarar - legg til;Slått på Faglærarar - legg til;Deaktivert Faglærarar - legg til
Brukarar - Observatørar;Slått på Brukarar - Observatørar Kontoadministrator;Deaktivert Brukarar - Observatørar Informasjonskonsulent;Slått på Brukarar - Observatørar Emneadministrator;Deaktivert Brukarar - Observatørar Førstelinje;Slått på Brukarar - Observatørar Superbrukar;Deaktivert Brukarar - Observatørar Emneinnsyn
Observatørar - fjern;Slått på Observatørar - fjern;Deaktivert Observatørar - fjern;Slått på Observatørar - fjern;Deaktivert Observatørar - fjern;Slått på Observatørar - fjern;Deaktivert Observatørar - fjern
Observatørar - legg til;Slått på Observatørar - legg til;Deaktivert Observatørar - legg til;Slått på Observatørar - legg til;Deaktivert Observatørar - legg til;Slått på Observatørar - legg til;Deaktivert Observatørar - legg til
Brukarar - Studentar;Slått på Brukarar - Studentar Kontoadministrator;Deaktivert Brukarar - Studentar Informasjonskonsulent;Slått på Brukarar - Studentar Emneadministrator;Deaktivert Brukarar - Studentar Førstelinje;Slått på Brukarar - Studentar Superbrukar;Deaktivert Brukarar - Studentar Emneinnsyn
Studentar - Fjern;Slått på Studentar - Fjern;Deaktivert Studentar - Fjern;Slått på Studentar - Fjern;Deaktivert Studentar - Fjern;Slått på Studentar - Fjern;Deaktivert Studentar - Fjern
Studentar - legg til;Slått på Studentar - legg til;Deaktivert Studentar - legg til;Slått på Studentar - legg til;Deaktivert Studentar - legg til;Slått på Studentar - legg til;Deaktivert Studentar - legg til
Brukarar - Undervisningsassistentar;Slått på Brukarar - Undervisningsassistentar Kontoadministrator;Deaktivert Brukarar - Undervisningsassistentar Informasjonskonsulent;Slått på Brukarar - Undervisningsassistentar Emneadministrator;Deaktivert Brukarar - Undervisningsassistentar Førstelinje;Slått på Brukarar - Undervisningsassistentar Superbrukar;Deaktivert Brukarar - Undervisningsassistentar Emneinnsyn
Undervisningsassistentar - Fjern;Slått på Undervisningsassistentar - Fjern;Deaktivert Undervisningsassistentar - Fjern;Slått på Undervisningsassistentar - Fjern;Deaktivert Undervisningsassistentar - Fjern;Slått på Undervisningsassistentar - Fjern;Deaktivert Undervisningsassistentar - Fjern
Undervisningsassistentar - Legg til;Slått på Undervisningsassistentar - Legg til;Deaktivert Undervisningsassistentar - Legg til;Slått på Undervisningsassistentar - Legg til;Deaktivert Undervisningsassistentar - Legg til;Slått på Undervisningsassistentar - Legg til;Deaktivert Undervisningsassistentar - Legg til
Brukarar - administrer innloggingsdetaljar;Slått på Brukarar - administrer innloggingsdetaljar Kontoadministrator;Deaktivert Brukarar - administrer innloggingsdetaljar Informasjonskonsulent;Deaktivert Brukarar - administrer innloggingsdetaljar Emneadministrator;Deaktivert Brukarar - administrer innloggingsdetaljar Førstelinje;Slått på Brukarar - administrer innloggingsdetaljar Superbrukar;Deaktivert Brukarar - administrer innloggingsdetaljar Emneinnsyn
Brukarar - endre innhald;Slått på Brukarar - endre innhald Kontoadministrator;Deaktivert Brukarar - endre innhald Informasjonskonsulent;Deaktivert Brukarar - endre innhald Emneadministrator;Deaktivert Brukarar - endre innhald Førstelinje;Deaktivert Brukarar - endre innhald Superbrukar;Deaktivert Brukarar - endre innhald Emneinnsyn
Brukarar - generer paringskodar for å koble observatørar til studentar;Slått på Brukarar - generer paringskodar for å koble observatørar til studentar Kontoadministrator;Deaktivert Brukarar - generer paringskodar for å koble observatørar til studentar Informasjonskonsulent;Slått på Brukarar - generer paringskodar for å koble observatørar til studentar Emneadministrator;Deaktivert Brukarar - generer paringskodar for å koble observatørar til studentar Førstelinje;Slått på Brukarar - generer paringskodar for å koble observatørar til studentar Superbrukar;Deaktivert Brukarar - generer paringskodar for å koble observatørar til studentar Emneinnsyn
Brukarar - handtere observatørar;Slått på Brukarar - handtere observatørar Kontoadministrator;Deaktivert Brukarar - handtere observatørar Informasjonskonsulent;Slått på Brukarar - handtere observatørar Emneadministrator;Deaktivert Brukarar - handtere observatørar Førstelinje;Slått på Brukarar - handtere observatørar Superbrukar;Deaktivert Brukarar - handtere observatørar Emneinnsyn
Brukarar - handtere studentar i emne;Slått på Brukarar - handtere studentar i emne Kontoadministrator;Deaktivert Brukarar - handtere studentar i emne Informasjonskonsulent;Slått på Brukarar - handtere studentar i emne Emneadministrator;Deaktivert Brukarar - handtere studentar i emne Førstelinje;Slått på Brukarar - handtere studentar i emne Superbrukar;Deaktivert Brukarar - handtere studentar i emne Emneinnsyn
Brukarar - opptre som;Slått på Brukarar - opptre som Kontoadministrator;Deaktivert Brukarar - opptre som Informasjonskonsulent;Deaktivert Brukarar - opptre som Emneadministrator;Deaktivert Brukarar - opptre som Førstelinje;Slått på Brukarar - opptre som Superbrukar;Deaktivert Brukarar - opptre som Emneinnsyn
Brukarar - tillat administrative handlingar i emne;Slått på Brukarar - tillat administrative handlingar i emne Kontoadministrator;Deaktivert Brukarar - tillat administrative handlingar i emne Informasjonskonsulent;Slått på Brukarar - tillat administrative handlingar i emne Emneadministrator;Deaktivert Brukarar - tillat administrative handlingar i emne Førstelinje;Slått på Brukarar - tillat administrative handlingar i emne Superbrukar;Deaktivert Brukarar - tillat administrative handlingar i emne Emneinnsyn
Brukarar - vis innloggings-ID-ar;Slått på Brukarar - vis innloggings-ID-ar Kontoadministrator;Deaktivert Brukarar - vis innloggings-ID-ar Informasjonskonsulent;Slått på Brukarar - vis innloggings-ID-ar Emneadministrator;Slått på Brukarar - vis innloggings-ID-ar Førstelinje;Slått på Brukarar - vis innloggings-ID-ar Superbrukar;Deaktivert Brukarar - vis innloggings-ID-ar Emneinnsyn
Brukarar - vis liste;Slått på Brukarar - vis liste Kontoadministrator;Deaktivert Brukarar - vis liste Informasjonskonsulent;Slått på Brukarar - vis liste Emneadministrator;Slått på Brukarar - vis liste Førstelinje;Slått på Brukarar - vis liste Superbrukar;Slått på Brukarar - vis liste Emneinnsyn
Brukarar - vis primær e-postadresse;Slått på Brukarar - vis primær e-postadresse Kontoadministrator;Deaktivert Brukarar - vis primær e-postadresse Informasjonskonsulent;Slått på Brukarar - vis primær e-postadresse Emneadministrator;Slått på Brukarar - vis primær e-postadresse Førstelinje;Slått på Brukarar - vis primær e-postadresse Superbrukar;Slått på Brukarar - vis primær e-postadresse Emneinnsyn
DIskusjonar - opprett;Slått på DIskusjonar - opprett Kontoadministrator;Slått på DIskusjonar - opprett Informasjonskonsulent;Slått på DIskusjonar - opprett Emneadministrator;Deaktivert DIskusjonar - opprett Førstelinje;Deaktivert DIskusjonar - opprett Superbrukar;Slått på DIskusjonar - opprett Emneinnsyn
Datateneste - administrer;Slått på Datateneste - administrer Kontoadministrator;Deaktivert Datateneste - administrer Informasjonskonsulent;Deaktivert Datateneste - administrer Emneadministrator;Deaktivert Datateneste - administrer Førstelinje;Deaktivert Datateneste - administrer Superbrukar;Deaktivert Datateneste - administrer Emneinnsyn
Diskusjonar - lag innlegg;Slått på Diskusjonar - lag innlegg Kontoadministrator;Slått på Diskusjonar - lag innlegg Informasjonskonsulent;Slått på Diskusjonar - lag innlegg Emneadministrator;Deaktivert Diskusjonar - lag innlegg Førstelinje;Deaktivert Diskusjonar - lag innlegg Superbrukar;Slått på Diskusjonar - lag innlegg Emneinnsyn
Diskusjonar - moderer;Slått på Diskusjonar - moderer Kontoadministrator;Deaktivert Diskusjonar - moderer Informasjonskonsulent;Slått på Diskusjonar - moderer Emneadministrator;Deaktivert Diskusjonar - moderer Førstelinje;Deaktivert Diskusjonar - moderer Superbrukar;Slått på Diskusjonar - moderer Emneinnsyn
Diskusjonar - vis;Slått på Diskusjonar - vis Kontoadministrator;Slått på Diskusjonar - vis Informasjonskonsulent;Slått på Diskusjonar - vis Emneadministrator;Deaktivert Diskusjonar - vis Førstelinje;Slått på Diskusjonar - vis Superbrukar;Slått på Diskusjonar - vis Emneinnsyn
Ekspertiseskalaer for læringsmål - Legg til/rediger;Slått på Ekspertiseskalaer for læringsmål - Legg til/rediger Kontoadministrator;Deaktivert Ekspertiseskalaer for læringsmål - Legg til/rediger Informasjonskonsulent;Slått på Ekspertiseskalaer for læringsmål - Legg til/rediger Emneadministrator;Deaktivert Ekspertiseskalaer for læringsmål - Legg til/rediger Førstelinje;Slått på Ekspertiseskalaer for læringsmål - Legg til/rediger Superbrukar;Deaktivert Ekspertiseskalaer for læringsmål - Legg til/rediger Emneinnsyn
Emne - endre synlegheit;Slått på Emne - endre synlegheit Kontoadministrator;Deaktivert Emne - endre synlegheit Informasjonskonsulent;Slått på Emne - endre synlegheit Emneadministrator;Deaktivert Emne - endre synlegheit Førstelinje;Slått på Emne - endre synlegheit Superbrukar;Slått på Emne - endre synlegheit Emneinnsyn
Emneinnhald - vis;Slått på Emneinnhald - vis Kontoadministrator;Deaktivert Emneinnhald - vis Informasjonskonsulent;Slått på Emneinnhald - vis Emneadministrator;Slått på Emneinnhald - vis Førstelinje;Slått på Emneinnhald - vis Superbrukar;Slått på Emneinnhald - vis Emneinnsyn
Emnekalender - legg til / endre / slett;Slått på Emnekalender - legg til / endre / slett Kontoadministrator;Deaktivert Emnekalender - legg til / endre / slett Informasjonskonsulent;Slått på Emnekalender - legg til / endre / slett Emneadministrator;Deaktivert Emnekalender - legg til / endre / slett Førstelinje;Slått på Emnekalender - legg til / endre / slett Superbrukar;Slått på Emnekalender - legg til / endre / slett Emneinnsyn
Emner - gjenopprett;Slått på Emner - gjenopprett Kontoadministrator;Deaktivert Emner - gjenopprett Informasjonskonsulent;Deaktivert Emner - gjenopprett Emneadministrator;Deaktivert Emner - gjenopprett Førstelinje;Slått på Emner - gjenopprett Superbrukar;Deaktivert Emner - gjenopprett Emneinnsyn
Emner - vis endringslogg;Slått på Emner - vis endringslogg Kontoadministrator;Deaktivert Emner - vis endringslogg Informasjonskonsulent;Deaktivert Emner - vis endringslogg Emneadministrator;Deaktivert Emner - vis endringslogg Førstelinje;Slått på Emner - vis endringslogg Superbrukar;Deaktivert Emner - vis endringslogg Emneinnsyn
Emner - vis liste;Slått på Emner - vis liste Kontoadministrator;Slått på Emner - vis liste Informasjonskonsulent;Slått på Emner - vis liste Emneadministrator;Slått på Emner - vis liste Førstelinje;Slått på Emner - vis liste Superbrukar;Slått på Emner - vis liste Emneinnsyn
Funksjonsval - tillat/ikkje tillat;Slått på Funksjonsval - tillat/ikkje tillat Kontoadministrator;Deaktivert Funksjonsval - tillat/ikkje tillat Informasjonskonsulent;Deaktivert Funksjonsval - tillat/ikkje tillat Emneadministrator;Deaktivert Funksjonsval - tillat/ikkje tillat Førstelinje;Deaktivert Funksjonsval - tillat/ikkje tillat Superbrukar;Deaktivert Funksjonsval - tillat/ikkje tillat Emneinnsyn
Funksjonsval - vis;Slått på Funksjonsval - vis Kontoadministrator;Deaktivert Funksjonsval - vis Informasjonskonsulent;Deaktivert Funksjonsval - vis Emneadministrator;Deaktivert Funksjonsval - vis Førstelinje;Slått på Funksjonsval - vis Superbrukar;Deaktivert Funksjonsval - vis Emneinnsyn
Globale kunngjeringar - legg til / rediger / slett;Slått på Globale kunngjeringar - legg til / rediger / slett Kontoadministrator;Slått på Globale kunngjeringar - legg til / rediger / slett Informasjonskonsulent;Slått på Globale kunngjeringar - legg til / rediger / slett Emneadministrator;Deaktivert Globale kunngjeringar - legg til / rediger / slett Førstelinje;Slått på Globale kunngjeringar - legg til / rediger / slett Superbrukar;Deaktivert Globale kunngjeringar - legg til / rediger / slett Emneinnsyn
Grupper - vis alle studentgrupper;Slått på Grupper - vis alle studentgrupper Kontoadministrator;Deaktivert Grupper - vis alle studentgrupper Informasjonskonsulent;Slått på Grupper - vis alle studentgrupper Emneadministrator;Slått på Grupper - vis alle studentgrupper Førstelinje;Slått på Grupper - vis alle studentgrupper Superbrukar;Slått på Grupper - vis alle studentgrupper Emneinnsyn
Impact - administrer;Slått på Impact - administrer Kontoadministrator;Deaktivert Impact - administrer Informasjonskonsulent;Deaktivert Impact - administrer Emneadministrator;Deaktivert Impact - administrer Førstelinje;Deaktivert Impact - administrer Superbrukar;Deaktivert Impact - administrer Emneinnsyn
Innlevering - Lever på vegne av student;Slått på Innlevering - Lever på vegne av student Kontoadministrator;Deaktivert Innlevering - Lever på vegne av student Informasjonskonsulent;Deaktivert Innlevering - Lever på vegne av student Emneadministrator;Deaktivert Innlevering - Lever på vegne av student Førstelinje;Deaktivert Innlevering - Lever på vegne av student Superbrukar;Deaktivert Innlevering - Lever på vegne av student Emneinnsyn
Innstillingar på kontonivå - administrer;Slått på og låst Innstillingar på kontonivå - administrer Kontoadministrator;Deaktivert Innstillingar på kontonivå - administrer Informasjonskonsulent;Deaktivert Innstillingar på kontonivå - administrer Emneadministrator;Deaktivert Innstillingar på kontonivå - administrer Førstelinje;Deaktivert Innstillingar på kontonivå - administrer Superbrukar;Deaktivert Innstillingar på kontonivå - administrer Emneinnsyn
Item Banks - share with subaccounts;Slått på Item Banks - share with subaccounts Kontoadministrator;Deaktivert Item Banks - share with subaccounts Informasjonskonsulent;Deaktivert Item Banks - share with subaccounts Emneadministrator;Deaktivert Item Banks - share with subaccounts Førstelinje;Slått på Item Banks - share with subaccounts Superbrukar;Deaktivert Item Banks - share with subaccounts Emneinnsyn
Kunngjeringar - vis;Slått på Kunngjeringar - vis Kontoadministrator;Slått på Kunngjeringar - vis Informasjonskonsulent;Slått på Kunngjeringar - vis Emneadministrator;Slått på Kunngjeringar - vis Førstelinje;Slått på Kunngjeringar - vis Superbrukar;Slått på Kunngjeringar - vis Emneinnsyn
Lagrinskvote - administrer;Slått på Lagrinskvote - administrer Kontoadministrator;Deaktivert Lagrinskvote - administrer Informasjonskonsulent;Deaktivert Lagrinskvote - administrer Emneadministrator;Deaktivert Lagrinskvote - administrer Førstelinje;Deaktivert Lagrinskvote - administrer Superbrukar;Deaktivert Lagrinskvote - administrer Emneinnsyn
Læringsmål - importer;Slått på Læringsmål - importer Kontoadministrator;Deaktivert Læringsmål - importer Informasjonskonsulent;Slått på Læringsmål - importer Emneadministrator;Deaktivert Læringsmål - importer Førstelinje;Slått på Læringsmål - importer Superbrukar;Deaktivert Læringsmål - importer Emneinnsyn
Læringsmål - legg til / endre / slett;Slått på Læringsmål - legg til / endre / slett Kontoadministrator;Deaktivert Læringsmål - legg til / endre / slett Informasjonskonsulent;Slått på Læringsmål - legg til / endre / slett Emneadministrator;Deaktivert Læringsmål - legg til / endre / slett Førstelinje;Slått på Læringsmål - legg til / endre / slett Superbrukar;Deaktivert Læringsmål - legg til / endre / slett Emneinnsyn
Løyve - administrer;Slått på og låst Løyve - administrer Kontoadministrator;Deaktivert Løyve - administrer Informasjonskonsulent;Deaktivert Løyve - administrer Emneadministrator;Deaktivert Løyve - administrer Førstelinje;Deaktivert Løyve - administrer Superbrukar;Deaktivert Løyve - administrer Emneinnsyn
Quizar - sjå innleveringslogg;Slått på Quizar - sjå innleveringslogg Kontoadministrator;Deaktivert Quizar - sjå innleveringslogg Informasjonskonsulent;Slått på Quizar - sjå innleveringslogg Emneadministrator;Deaktivert Quizar - sjå innleveringslogg Førstelinje;Slått på Quizar - sjå innleveringslogg Superbrukar;Deaktivert Quizar - sjå innleveringslogg Emneinnsyn
Rapportar - administrer;Slått på Rapportar - administrer Kontoadministrator;Deaktivert Rapportar - administrer Informasjonskonsulent;Slått på Rapportar - administrer Emneadministrator;Deaktivert Rapportar - administrer Førstelinje;Slått på Rapportar - administrer Superbrukar;Slått på Rapportar - administrer Emneinnsyn
SIS Data - administrer;Slått på SIS Data - administrer Kontoadministrator;Deaktivert SIS Data - administrer Informasjonskonsulent;Deaktivert SIS Data - administrer Emneadministrator;Deaktivert SIS Data - administrer Førstelinje;Slått på SIS Data - administrer Superbrukar;Deaktivert SIS Data - administrer Emneinnsyn
SIS Data - les;Slått på SIS Data - les Kontoadministrator;Deaktivert SIS Data - les Informasjonskonsulent;Deaktivert SIS Data - les Emneadministrator;Slått på SIS Data - les Førstelinje;Slått på SIS Data - les Superbrukar;Deaktivert SIS Data - les Emneinnsyn
SIS-data - import;Slått på SIS-data - import Kontoadministrator;Deaktivert SIS-data - import Informasjonskonsulent;Deaktivert SIS-data - import Emneadministrator;Deaktivert SIS-data - import Førstelinje;Slått på SIS-data - import Superbrukar;Deaktivert SIS-data - import Emneinnsyn
Samtaler - send meldingar til alle på emnet;Slått på Samtaler - send meldingar til alle på emnet Kontoadministrator;Slått på Samtaler - send meldingar til alle på emnet Informasjonskonsulent;Slått på Samtaler - send meldingar til alle på emnet Emneadministrator;Deaktivert Samtaler - send meldingar til alle på emnet Førstelinje;Deaktivert Samtaler - send meldingar til alle på emnet Superbrukar;Slått på Samtaler - send meldingar til alle på emnet Emneinnsyn
Samtaler - send meldingar til individuelle emnedeltakarar;Slått på Samtaler - send meldingar til individuelle emnedeltakarar Kontoadministrator;Slått på Samtaler - send meldingar til individuelle emnedeltakarar Informasjonskonsulent;Slått på Samtaler - send meldingar til individuelle emnedeltakarar Emneadministrator;Deaktivert Samtaler - send meldingar til individuelle emnedeltakarar Førstelinje;Deaktivert Samtaler - send meldingar til individuelle emnedeltakarar Superbrukar;Slått på Samtaler - send meldingar til individuelle emnedeltakarar Emneinnsyn
Spørsmålsbankar - administrer konto;Slått på Spørsmålsbankar - administrer konto Kontoadministrator;Deaktivert Spørsmålsbankar - administrer konto Informasjonskonsulent;Slått på Spørsmålsbankar - administrer konto Emneadministrator;Deaktivert Spørsmålsbankar - administrer konto Førstelinje;Slått på Spørsmålsbankar - administrer konto Superbrukar;Deaktivert Spørsmålsbankar - administrer konto Emneinnsyn
Spørsmålsbankar - vis og lenke til;Slått på Spørsmålsbankar - vis og lenke til Kontoadministrator;Deaktivert Spørsmålsbankar - vis og lenke til Informasjonskonsulent;Slått på Spørsmålsbankar - vis og lenke til Emneadministrator;Deaktivert Spørsmålsbankar - vis og lenke til Førstelinje;Slått på Spørsmålsbankar - vis og lenke til Superbrukar;Slått på Spørsmålsbankar - vis og lenke til Emneinnsyn
Statistikk - vis;Slått på Statistikk - vis Kontoadministrator;Deaktivert Statistikk - vis Informasjonskonsulent;Slått på Statistikk - vis Emneadministrator;Deaktivert Statistikk - vis Førstelinje;Slått på Statistikk - vis Superbrukar;Slått på Statistikk - vis Emneinnsyn
Studentsamarbeid - opprett;Slått på Studentsamarbeid - opprett Kontoadministrator;Deaktivert Studentsamarbeid - opprett Informasjonskonsulent;Slått på Studentsamarbeid - opprett Emneadministrator;Deaktivert Studentsamarbeid - opprett Førstelinje;Deaktivert Studentsamarbeid - opprett Superbrukar;Slått på Studentsamarbeid - opprett Emneinnsyn
Utviklarnøklar - administrer;Slått på Utviklarnøklar - administrer Kontoadministrator;Deaktivert Utviklarnøklar - administrer Informasjonskonsulent;Deaktivert Utviklarnøklar - administrer Emneadministrator;Deaktivert Utviklarnøklar - administrer Førstelinje;Deaktivert Utviklarnøklar - administrer Superbrukar;Deaktivert Utviklarnøklar - administrer Emneinnsyn
Varsel - legg til / rediger / slett;Slått på Varsel - legg til / rediger / slett Kontoadministrator;Deaktivert Varsel - legg til / rediger / slett Informasjonskonsulent;Deaktivert Varsel - legg til / rediger / slett Emneadministrator;Deaktivert Varsel - legg til / rediger / slett Førstelinje;Deaktivert Varsel - legg til / rediger / slett Superbrukar;Deaktivert Varsel - legg til / rediger / slett Emneinnsyn
Varsler - vis;Slått på Varsler - vis Kontoadministrator;Deaktivert Varsler - vis Informasjonskonsulent;Deaktivert Varsler - vis Emneadministrator;Deaktivert Varsler - vis Førstelinje;Deaktivert Varsler - vis Superbrukar;Deaktivert Varsler - vis Emneinnsyn
Vurderingar - endre;Slått på Vurderingar - endre Kontoadministrator;Deaktivert Vurderingar - endre Informasjonskonsulent;Deaktivert Vurderingar - endre Emneadministrator;Deaktivert Vurderingar - endre Førstelinje;Deaktivert Vurderingar - endre Superbrukar;Deaktivert Vurderingar - endre Emneinnsyn
Vurderingar - sjå alle vurderingar;Slått på Vurderingar - sjå alle vurderingar Kontoadministrator;Deaktivert Vurderingar - sjå alle vurderingar Informasjonskonsulent;Slått på Vurderingar - sjå alle vurderingar Emneadministrator;Deaktivert Vurderingar - sjå alle vurderingar Førstelinje;Deaktivert Vurderingar - sjå alle vurderingar Superbrukar;Deaktivert Vurderingar - sjå alle vurderingar Emneinnsyn
Vurderingar - vis endringslogg;Slått på Vurderingar - vis endringslogg Kontoadministrator;Deaktivert Vurderingar - vis endringslogg Informasjonskonsulent;Slått på Vurderingar - vis endringslogg Emneadministrator;Deaktivert Vurderingar - vis endringslogg Førstelinje;Deaktivert Vurderingar - vis endringslogg Superbrukar;Deaktivert Vurderingar - vis endringslogg Emneinnsyn
Vurderingar - vis vurderingslogg;Slått på Vurderingar - vis vurderingslogg Kontoadministrator;Deaktivert Vurderingar - vis vurderingslogg Informasjonskonsulent;Slått på Vurderingar - vis vurderingslogg Emneadministrator;Deaktivert Vurderingar - vis vurderingslogg Førstelinje;Deaktivert Vurderingar - vis vurderingslogg Superbrukar;Deaktivert Vurderingar - vis vurderingslogg Emneinnsyn
Vurderingsskjema - legg til / endre / slett;Slått på Vurderingsskjema - legg til / endre / slett Kontoadministrator;Deaktivert Vurderingsskjema - legg til / endre / slett Informasjonskonsulent;Slått på Vurderingsskjema - legg til / endre / slett Emneadministrator;Deaktivert Vurderingsskjema - legg til / endre / slett Førstelinje;Deaktivert Vurderingsskjema - legg til / endre / slett Superbrukar;Deaktivert Vurderingsskjema - legg til / endre / slett Emneinnsyn
Vurdringar - vel å moderere sluttvurdering;Slått på Vurdringar - vel å moderere sluttvurdering Kontoadministrator;Deaktivert Vurdringar - vel å moderere sluttvurdering Informasjonskonsulent;Deaktivert Vurdringar - vel å moderere sluttvurdering Emneadministrator;Deaktivert Vurdringar - vel å moderere sluttvurdering Førstelinje;Deaktivert Vurdringar - vel å moderere sluttvurdering Superbrukar;Deaktivert Vurdringar - vel å moderere sluttvurdering Emneinnsyn
Webkonferanse - opprett;Slått på Webkonferanse - opprett Kontoadministrator;Deaktivert Webkonferanse - opprett Informasjonskonsulent;Slått på Webkonferanse - opprett Emneadministrator;Deaktivert Webkonferanse - opprett Førstelinje;Slått på Webkonferanse - opprett Superbrukar;Slått på Webkonferanse - opprett Emneinnsyn
duglegberekninger for læringsmål - legg til/rediger;Slått på duglegberekninger for læringsmål - legg til/rediger Kontoadministrator;Deaktivert duglegberekninger for læringsmål - legg til/rediger Informasjonskonsulent;Slått på duglegberekninger for læringsmål - legg til/rediger Emneadministrator;Deaktivert duglegberekninger for læringsmål - legg til/rediger Førstelinje;Deaktivert duglegberekninger for læringsmål - legg til/rediger Superbrukar;Deaktivert duglegberekninger for læringsmål - legg til/rediger Emneinnsyn
