id,workflow_state
18614,unpublished
21909,available
22659,unpublished
22664,unpublished
25166,available
25943,unpublished
26608,unpublished
26612,unpublished
28487,available
28517,available
28526,available
28575,available
28695,available
28736,available
28747,available
28914,available
29030,unpublished
29080,available
29108,unpublished
29119,unpublished
29132,available
29137,available
29139,unpublished
29149,unpublished
29153,unpublished
29155,available
29160,unpublished
29168,available
29199,unpublished
29227,available
29236,unpublished
29361,available
29412,unpublished
29413,available
29439,unpublished
29479,unpublished
29481,unpublished
29484,unpublished
29486,unpublished
29491,unpublished
29493,unpublished
29631,unpublished
29635,unpublished
29681,unpublished
29683,unpublished
29782,available
29971,unpublished
29984,unpublished
30002,unpublished
30025,unpublished
30032,available
30038,available
30043,available
30048,unpublished
30051,unpublished
30058,unpublished
30067,available
30070,available
30073,unpublished
30121,unpublished
30139,available
30292,available
30310,unpublished
30450,unpublished
30451,available
30550,available
30551,available
30552,available
30591,available
30592,available
30593,available
30594,available
30623,available
30648,unpublished
30811,available
30930,unpublished
30931,available
30932,unpublished
30933,unpublished
30934,unpublished
30935,unpublished
30936,unpublished
30937,unpublished
30940,unpublished
30941,unpublished
30981,available
30982,unpublished
31155,available
31156,unpublished
31157,available
31206,unpublished
31208,unpublished
31209,unpublished
31210,unpublished
31211,unpublished
31213,available
31214,unpublished
31217,unpublished
31218,unpublished
31219,unpublished
31221,unpublished
31223,unpublished
31224,unpublished
31225,unpublished
31227,unpublished
31229,unpublished
31232,unpublished
31237,unpublished
31240,unpublished
31244,unpublished
31249,unpublished
31250,unpublished
31253,unpublished
31254,unpublished
31259,unpublished
31264,unpublished
31268,unpublished
31275,unpublished
31279,unpublished
31283,unpublished
31289,available
31290,unpublished
31291,available
31295,available
31296,available
31298,unpublished
31300,available
31304,available
31309,unpublished
31313,available
31316,available
31357,available
31361,available
31366,available
31403,unpublished
31408,unpublished
31425,unpublished
31433,unpublished
31473,unpublished
31476,unpublished
31480,available
31524,unpublished
31528,unpublished
31569,available
31572,available
31590,unpublished
31595,unpublished
31597,unpublished
31601,unpublished
31603,unpublished
31607,unpublished
31609,unpublished
31613,unpublished
31617,available
31620,available
31624,available
31628,available
31631,available
31635,unpublished
31638,unpublished
31642,unpublished
31645,unpublished
31649,unpublished
31653,unpublished
31656,unpublished
31660,unpublished
31663,unpublished
31680,available
31681,available
31683,unpublished
31700,unpublished
31702,unpublished
31760,available
31762,unpublished
31764,available
31765,unpublished
31767,unpublished
31770,unpublished
31774,unpublished
31776,unpublished
31803,unpublished
31805,unpublished
31809,unpublished
31812,available
31813,unpublished
31816,unpublished
31817,unpublished
31818,available
31820,unpublished
31821,unpublished
31825,unpublished
31826,available
31829,unpublished
31830,unpublished
31832,unpublished
31836,unpublished
31840,unpublished
31844,unpublished
31848,unpublished
31850,unpublished
31853,unpublished
31855,unpublished
31857,unpublished
31859,unpublished
31862,unpublished
31865,available
31866,unpublished
31869,available
31870,unpublished
31872,unpublished
31874,unpublished
31876,unpublished
31877,unpublished
31878,unpublished
31881,unpublished
31885,unpublished
31889,unpublished
31892,unpublished
31893,unpublished
31896,unpublished
31897,unpublished
31900,unpublished
31904,unpublished
31908,unpublished
31912,unpublished
31915,unpublished
31916,unpublished
31918,unpublished
31920,unpublished
31923,available
31928,unpublished
31933,unpublished
31936,unpublished
31940,unpublished
31943,unpublished
31947,unpublished
31951,unpublished
31954,unpublished
32020,unpublished
32024,unpublished
32028,available
32059,unpublished
32063,unpublished
32064,unpublished
32070,unpublished
32074,available
32076,available
32089,available
32092,available
32097,available
32106,available
32128,unpublished
32152,unpublished
32182,available
32189,available
32192,unpublished
32194,unpublished
32202,unpublished
32219,available
32237,available
32243,unpublished
32245,available
32248,unpublished
32274,available
32277,available
32323,available
32336,unpublished
32346,available
32348,unpublished
32351,unpublished
32354,available
32357,unpublished
32358,unpublished
32360,unpublished
32361,unpublished
32366,unpublished
32374,unpublished
32377,available
32389,unpublished
32402,unpublished
32411,available
32418,available
32500,unpublished
32507,unpublished
32508,unpublished
32520,available
32522,unpublished
32525,available
32549,unpublished
32577,unpublished
32584,available
32618,unpublished
32621,unpublished
32625,unpublished
32626,unpublished
32629,unpublished
32658,unpublished
32661,unpublished
32697,unpublished
32702,unpublished
32706,unpublished
32711,unpublished
32715,unpublished
32716,unpublished
32721,unpublished
32730,unpublished
32736,available
32771,available
32787,available
32801,unpublished
32818,available
32819,available
32825,available
32832,unpublished
32840,unpublished
32847,unpublished
32852,unpublished
32855,unpublished
32857,available
32874,unpublished
32890,unpublished
32898,available
32911,unpublished
32929,unpublished
32931,available
32963,unpublished
32965,available
32968,available
32983,unpublished
32987,unpublished
33010,available
33036,unpublished
33040,available
33043,available
33067,available
33073,unpublished
33074,available
33079,available
33086,unpublished
33100,unpublished
33106,unpublished
33107,unpublished
33114,available
33117,unpublished
33119,unpublished
33123,available
33124,unpublished
33143,unpublished
33148,unpublished
33169,unpublished
33171,unpublished
33173,unpublished
33176,available
33190,available
33221,unpublished
33225,unpublished
33227,available
33228,available
33233,unpublished
33237,unpublished
33238,unpublished
33243,available
33255,unpublished
33258,available
33263,unpublished
33265,unpublished
33268,unpublished
33274,available
33289,unpublished
33299,available
33300,available
33304,available
33305,available
33315,available
33319,available
33324,unpublished
33329,available
33334,available
33346,unpublished
33359,available
33389,available
33398,unpublished
33399,available
33415,available
33423,unpublished
33428,available
33429,unpublished
33436,available
33439,available
33442,available
33447,available
33457,unpublished
33481,available
33484,available
33485,available
33486,available
33489,available
33491,available
33493,unpublished
33507,available
33508,available
33509,available
33513,unpublished
33520,available
33523,unpublished
33530,unpublished
33532,unpublished
33533,unpublished
33543,available
33544,available
33545,unpublished
33556,unpublished
33560,available
33565,unpublished
33573,unpublished
33574,unpublished
33586,unpublished
33597,available
33598,unpublished
33599,unpublished
33600,unpublished
33602,unpublished
33603,unpublished
33604,unpublished
33605,unpublished
33606,unpublished
33607,unpublished
33608,unpublished
33623,available
33624,available
33625,available
33626,available
33627,available
33628,available
33629,available
33630,available
33631,available
33632,available
33634,available
33638,available
33654,unpublished
33663,unpublished
33899,unpublished
33900,unpublished
33901,unpublished
33905,unpublished
33906,unpublished
33907,unpublished
33930,available
33943,unpublished
34004,unpublished
34005,unpublished
34006,unpublished
34007,unpublished
34008,unpublished
34009,available
34018,available
34019,available
34067,unpublished
34069,unpublished
34104,unpublished
34139,available
34149,available
34150,unpublished
34154,unpublished
34155,available
